m,n,SOCPtime,time_eig_list,LTRtime,RTRtime,ratio1,ratio2
5000,10000,58.4388112,57.3114742,0.1421018,0.4086809,411.24610103461,2.87597271814995
7500,15000,177.457438,175.6250349,0.2114285,0.9157494,839.326003826353,4.33124862542183
10000,20000,480.9730698,475.3647632,0.2558345,2.2329591,1880.01645516926,8.72813908991946
