m,n,SOCPtime,time_eig_list,LTRtime,RTRtime,ratio1,ratio2
5000,10000,58.0121662,57.3444376,0.1519066,0.219789,381.893651757066,1.44686932628339
7500,15000,170.1143495,168.7285335,0.1577709,0.5433504,1078.23654108584,3.44392026666515
10000,20000,432.1554085,429.6446382,0.3299134,0.4544194,1309.90559492279,1.37738994536142
